{"stats":{"minecraft:killed":{"minecraft:iron_golem":1,"minecraft:creeper":1},"minecraft:dropped":{"minecraft:lilac":1,"minecraft:purpur_slab":1,"minecraft:purple_concrete":1,"minecraft:purpur_stairs":2},"minecraft:used":{"minecraft:peony":73,"minecraft:purple_stained_glass_pane":1,"minecraft:netherite_sword":12,"minecraft:trident":11,"minecraft:end_rod":47,"minecraft:carved_pumpkin":1,"minecraft:iron_block":4,"minecraft:grass_block":73,"minecraft:white_terracotta":828,"minecraft:stone":33,"minecraft:purpur_slab":13,"minecraft:pink_stained_glass_pane":1,"minecraft:lilac":6,"minecraft:magenta_stained_glass_pane":236,"minecraft:torch":3,"minecraft:purpur_stairs":59,"minecraft:purple_concrete":1207,"minecraft:glowstone":34,"minecraft:dirt":268,"minecraft:magenta_terracotta":579,"minecraft:crimson_door":3,"minecraft:glass_pane":6},"minecraft:custom":{"minecraft:time_since_rest":75325,"minecraft:walk_one_cm":81737,"minecraft:mob_kills":2,"minecraft:drop":5,"minecraft:damage_dealt":249,"minecraft:swim_one_cm":246,"minecraft:fly_one_cm":453228,"minecraft:crouch_one_cm":69,"minecraft:play_one_minute":75325,"minecraft:sneak_time":1974,"minecraft:walk_under_water_one_cm":971,"minecraft:jump":48,"minecraft:leave_game":1,"minecraft:walk_on_water_one_cm":1893,"minecraft:time_since_death":75325},"minecraft:picked_up":{"minecraft:lilac":1,"minecraft:purpur_stairs":2,"minecraft:gunpowder":1,"minecraft:rotten_flesh":3,"minecraft:wheat_seeds":1,"minecraft:purpur_slab":1,"minecraft:iron_ingot":3,"minecraft:purple_concrete":1}},"DataVersion":2683}