{"stats":{"minecraft:killed":{"minecraft:skeleton":1},"minecraft:custom":{"minecraft:jump":21,"minecraft:time_since_rest":9398,"minecraft:damage_dealt":199,"minecraft:play_one_minute":9398,"minecraft:leave_game":4,"minecraft:sprint_one_cm":153,"minecraft:time_since_death":9398,"minecraft:walk_on_water_one_cm":554,"minecraft:walk_one_cm":20950,"minecraft:sneak_time":219,"minecraft:mob_kills":1,"minecraft:fly_one_cm":55043},"minecraft:used":{"minecraft:magenta_stained_glass_pane":2,"minecraft:diamond_sword":11}},"DataVersion":2584}